{
  "old_model": {
    "train_acc": 0.9302325581395349,
    "test_acc": 0.9342105263157895,
    "cv_mean": 0.8838251366120218,
    "cv_std": 0.04309372907399293,
    "f1_macro": 0.934907183212268
  },
  "new_model": {
    "train_acc": 0.9801324503311258,
    "test_acc": 0.9736842105263158,
    "cv_mean": 0.9634426229508197,
    "cv_std": 0.02212838139631453,
    "f1_macro": 0.7424242424242424
  },
  "comparison": {
    "test_acc_diff": 0.03947368421052633,
    "cv_diff": 0.07961748633879795,
    "f1_diff": -0.19248294078802552
  }
}