{
  "semantic_model": {
    "train_acc": 0.9039735099337748,
    "test_acc": 0.8421052631578947,
    "cv_mean": 0.8465964912280702,
    "cv_std": 0.04665909449185261,
    "f1_macro": 0.6312070282658517
  },
  "pattern_distribution": {
    "C": 211,
    "F": 111,
    "B": 45,
    "D": 11
  },
  "annotation_method": "LLM Semantic Analysis (Claude) - All 378 users properly analyzed"
}