{
  "old_model": {
    "train_acc": 0.9302325581395349,
    "test_acc": 0.9342105263157895,
    "cv_mean": 0.8838251366120218,
    "cv_std": 0.04309372907399293,
    "f1_macro": 0.934907183212268
  },
  "new_model": {
    "train_acc": 0.9900662251655629,
    "test_acc": 1.0,
    "cv_mean": 0.9801092896174863,
    "cv_std": 0.012356736730944829,
    "f1_macro": 1.0
  },
  "comparison": {
    "test_acc_diff": 0.06578947368421051,
    "cv_diff": 0.09628415300546456,
    "f1_diff": 0.06509281678773204
  }
}