{
  "train_accuracy": 1.0,
  "test_accuracy": 0.9418604651162791,
  "per_class": {
    "A": {
      "precision": 0.75,
      "recall": 0.75,
      "f1": 0.75,
      "support": 4
    },
    "B": {
      "precision": 1.0,
      "recall": 1.0,
      "f1": 1.0,
      "support": 1
    },
    "C": {
      "precision": 0.926829268292683,
      "recall": 0.9743589743589743,
      "f1": 0.9500000000000001,
      "support": 39
    },
    "D": {
      "precision": 0.5,
      "recall": 0.25,
      "f1": 0.3333333333333333,
      "support": 4
    },
    "E": {
      "precision": 0,
      "recall": 0,
      "f1": 0,
      "support": 0
    },
    "F": {
      "precision": 1.0,
      "recall": 1.0,
      "f1": 1.0,
      "support": 38
    }
  },
  "confusion_matrix": [
    [
      3,
      0,
      1,
      0,
      0,
      0
    ],
    [
      0,
      1,
      0,
      0,
      0,
      0
    ],
    [
      0,
      0,
      38,
      1,
      0,
      0
    ],
    [
      1,
      0,
      2,
      1,
      0,
      0
    ],
    [
      0,
      0,
      0,
      0,
      0,
      0
    ],
    [
      0,
      0,
      0,
      0,
      0,
      38
    ]
  ],
  "cv_scores": [
    0.7558139534883721,
    0.9302325581395349,
    0.9411764705882353,
    0.9647058823529412,
    0.9647058823529412
  ],
  "cv_mean": 0.911326949384405,
  "cv_std": 0.0789066902369862,
  "trained_at": "2025-11-24T03:41:58.699664",
  "data_source": "hybrid_training_data.csv",
  "model_type": "SVM (RBF kernel)"
}